{
  "state": {
    "isStdOutTTY": false,
    "isStdErrTTY": false,
    "testRunDurationMs": 120000.540405
  },
  "metrics": {
    "data_received": {
      "type": "counter",
      "contains": "data",
      "values": {
        "count": 10146457,
        "rate": 84553.42755754151
      }
    },
    "http_req_receiving": {
      "type": "trend",
      "contains": "time",
      "values": {
        "p(99)": 0.6822117999999991,
        "max": 3.110515,
        "avg": 0.09227026512517346,
        "min": 0.014517,
        "med": 0.055484,
        "p(50)": 0.055484,
        "p(95)": 0.23326980000000003
      }
    },
    "vus_max": {
      "type": "gauge",
      "contains": "default",
      "values": {
        "min": 100,
        "max": 100,
        "value": 100
      }
    },
    "iterations": {
      "type": "counter",
      "contains": "default",
      "values": {
        "rate": 95.11623832257692,
        "count": 11414
      }
    },
    "http_req_tls_handshaking": {
      "type": "trend",
      "contains": "time",
      "values": {
        "avg": 0.49426592194019486,
        "min": 0,
        "med": 0,
        "p(50)": 0,
        "p(95)": 0,
        "p(99)": 0,
        "max": 103.065135
      }
    },
    "http_req_connecting": {
      "type": "trend",
      "contains": "time",
      "values": {
        "max": 50.271525,
        "avg": 0.08103269654033377,
        "min": 0,
        "med": 0,
        "p(50)": 0,
        "p(95)": 0,
        "p(99)": 0
      }
    },
    "iteration_duration": {
      "type": "trend",
      "contains": "time",
      "values": {
        "avg": 1047.1089054109912,
        "min": 1003.97895,
        "med": 1009.5321675,
        "p(50)": 1009.5321675,
        "p(95)": 1121.5365898,
        "p(99)": 1512.1339683000003,
        "max": 3399.31437
      }
    },
    "http_req_duration": {
      "type": "trend",
      "contains": "time",
      "values": {
        "p(99)": 424.18560570999654,
        "max": 2398.491738,
        "avg": 45.553364219923616,
        "min": 3.732297,
        "med": 8.7464695,
        "p(50)": 8.7464695,
        "p(95)": 120.20249720000004
      },
      "thresholds": {
        "p(95)<1000": {
          "ok": true
        },
        "p(99)<1500": {
          "ok": true
        }
      }
    },
    "http_req_waiting": {
      "type": "trend",
      "contains": "time",
      "values": {
        "min": 3.577341,
        "med": 8.606961,
        "p(50)": 8.606961,
        "p(95)": 120.08877010000002,
        "p(99)": 424.06673581999655,
        "max": 2398.35408,
        "avg": 45.41852992715596
      }
    },
    "http_req_sending": {
      "type": "trend",
      "contains": "time",
      "values": {
        "max": 0.255869,
        "avg": 0.042564027642559274,
        "min": 0.018264,
        "med": 0.039724,
        "p(50)": 0.039724,
        "p(95)": 0.06456650000000001,
        "p(99)": 0.08955769999999999
      }
    },
    "http_req_blocked": {
      "type": "trend",
      "contains": "time",
      "values": {
        "avg": 0.6666706905424203,
        "min": 0.00014,
        "med": 0.000311,
        "p(50)": 0.000311,
        "p(95)": 0.000501,
        "p(99)": 0.003783969999999934,
        "max": 120.89373
      }
    },
    "http_reqs": {
      "values": {
        "count": 11504,
        "rate": 95.86623494506088
      },
      "type": "counter",
      "contains": "default"
    },
    "data_sent": {
      "type": "counter",
      "contains": "data",
      "values": {
        "count": 634263,
        "rate": 5285.501197406045
      }
    },
    "http_req_failed": {
      "type": "rate",
      "contains": "default",
      "values": {
        "rate": 1,
        "passes": 11504,
        "fails": 0
      },
      "thresholds": {
        "rate<0.01": {
          "ok": false
        }
      }
    },
    "checks": {
      "values": {
        "rate": 0.5,
        "passes": 11504,
        "fails": 11504
      },
      "type": "rate",
      "contains": "default"
    },
    "vus": {
      "type": "gauge",
      "contains": "default",
      "values": {
        "max": 100,
        "value": 100,
        "min": 100
      }
    }
  },
  "root_group": {
    "name": "",
    "path": "",
    "id": "d41d8cd98f00b204e9800998ecf8427e",
    "groups": [],
    "checks": [
        {
          "passes": 0,
          "fails": 11504,
          "name": "status is 200",
          "path": "::status is 200",
          "id": "6210a8cd14cd70477eba5c5e4cb3fb5f"
        },
        {
          "path": "::body is not empty",
          "id": "07acb1819a671220411c076fcb8fe456",
          "passes": 11504,
          "fails": 0,
          "name": "body is not empty"
        }
      ]
  },
  "options": {
    "summaryTrendStats": [
      "avg",
      "min",
      "med",
      "p(50)",
      "p(95)",
      "p(99)",
      "max"
    ],
    "summaryTimeUnit": "",
    "noColor": false
  }
}